Column,Analyzer,Benign,Bot,Brute_Force_-Web,Brute_Force_-XSS,DDOS_attack-HOIC,DDOS_attack-LOIC-UDP,DDoS_attacks-LOIC-HTTP,DoS_attacks-GoldenEye,DoS_attacks-SlowHTTPTest,DoS_attacks-Slowloris,FTP-BruteForce,Infilteration,SQL_Injection,SSH-Bruteforce
ACK Flag Cnt,Min,0.0,0.0,0.0,0.0,0.0,0.0,0.0,0.0,0.0,0.0,0.0,0.0,0.0,0.0
ACK Flag Cnt,Max,1.0,1.0,1.0,1.0,1.0,0.0,1.0,1.0,0.0,1.0,0.0,1.0,1.0,1.0
ACK Flag Cnt,Mean,0.2847452091658195,0.49939376150892234,0.3158756137479542,0.48695652173913045,0.7613015515763573,0.0,0.49654541636367105,0.352895827310398,0.0,0.3292083712465878,0.0,0.20382995541393406,0.39080459770114945,0.4997148020406314
ACK Flag Cnt,Unique,0,0,0,0,0,0,0,0,0,0,0,0,0,0
ACK Flag Cnt,Distinct,2,2,2,2,2,1,2,2,1,2,1,2,2,2
ACK Flag Cnt,StandardDeviation,0.4512930035164884,0.49999963247475687,0.4648636470916041,0.49982983871999703,0.42628804715097085,0.0,0.49998806570947235,0.4778706544425047,0.0,0.46992575961289523,0.0,0.40284402029804006,0.4879306960181868,0.49999991866211735
Active Max,Min,0.0,0.0,0.0,0.0,0.0,0.0,0.0,0.0,0.0,0.0,0.0,0.0,0.0,0.0
Active Max,Max,114000000.0,74715.0,4003226.0,4000190.0,0.0,0.0,81697.0,13822996.0,0.0,10997486.0,0.0,114000000.0,0.0,0.0
Active Max,Mean,307622.01244758134,12.17424726843262,824957.6055646482,69567.86086956522,0.0,0.0,0.18545239339038616,154039.53948636408,0.0,3236319.3299363055,0.0,424227.27981770353,0.0,0.0
Active Max,Unique,799703,231,72,2,0,0,7,2386,0,4232,0,20706,0,0
Active Max,Distinct,1072706,232,96,4,1,1,8,4056,1,4599,1,21569,1,1
Active Max,StandardDeviation,3607601.605591091,537.3254397263513,1618516.8722954271,522917.13545237714,0.0,0.0,112.04126316688928,1023970.9211272291,0.0,3735617.4154657405,0.0,4187636.7743044393,0.0,0.0
Active Mean,Min,0.0,0.0,0.0,0.0,0.0,0.0,0.0,0.0,0.0,0.0,0.0,0.0,0.0,0.0
Active Mean,Max,114000000.0,37234.0,4003226.0,4000190.0,0.0,0.0,81697.0,13822996.0,0.0,9859197.0,0.0,114000000.0,0.0,0.0
Active Mean,Mean,201951.07362927805,8.750675830843736,824957.6055646482,69567.86086956522,0.0,0.0,0.18545239339038616,135501.27601908066,0.0,2594140.324021838,0.0,298785.8569394078,0.0,0.0
Active Mean,Unique,1125212,231,72,2,0,0,7,2390,0,4053,0,21183,0,0
Active Mean,Distinct,1296203,232,96,4,1,1,8,4058,1,4495,1,21843,1,1
Active Mean,StandardDeviation,2723363.467738941,347.71685061499323,1618516.8722954271,522917.13545237714,0.0,0.0,112.04126316688928,909600.123745764,0.0,2988533.749375328,0.0,3179258.9348704596,0.0,0.0
Active Min,Min,0.0,0.0,0.0,0.0,0.0,0.0,0.0,0.0,0.0,0.0,0.0,0.0,0.0,0.0
Active Min,Max,114000000.0,20829.0,4003226.0,4000190.0,0.0,0.0,81697.0,13822996.0,0.0,9859197.0,0.0,114000000.0,0.0,0.0
Active Min,Mean,134422.60777786214,6.2513740823436095,824957.6055646482,69567.86086956522,0.0,0.0,0.18545239339038616,116744.15628312614,0.0,1951961.3181073703,0.0,215257.89266614793,0.0,0.0
Active Min,Unique,350961,229,72,2,0,0,7,2260,0,4604,0,13892,0,0
Active Min,Distinct,507139,231,96,4,1,1,8,3951,1,4796,1,16564,1,1
Active Min,StandardDeviation,2297763.4655965855,243.61000470722567,1618516.8722954271,522917.13545237714,0.0,0.0,112.04126316688928,849497.4006913312,0.0,2261404.7368831625,0.0,2715438.8503362774,0.0,0.0
Active Std,Min,0.0,0.0,0.0,0.0,0.0,0.0,0.0,0.0,0.0,0.0,0.0,0.0,0.0,0.0
Active Std,Max,75232413.85230836,37323.28652,0.0,0.0,0.0,0.0,0.0,9773238.19240368,0.0,7774624.20990369,0.0,65000000.0,0.0,0.0
Active Std,Mean,101744.48075560518,3.2174446258105607,0.0,0.0,0.0,0.0,0.0,25907.810159259865,0.0,908178.2596355159,0.0,124368.74835493433,0.0,0.0
Active Std,Unique,1017922,205,0,0,0,0,0,305,0,4471,0,13277,0,0
Active Std,Distinct,1054286,206,1,1,1,1,1,306,1,4552,1,13403,1,1
Active Std,StandardDeviation,1648034.4366875384,199.59969802325088,0.0,0.0,0.0,0.0,0.0,335981.83729197487,0.0,1098235.3647639866,0.0,1867625.591080652,0.0,0.0
Bwd Blk Rate Avg,Min,0.0,0.0,0.0,0.0,0.0,0.0,0.0,0.0,0.0,0.0,0.0,0.0,0.0,0.0
Bwd Blk Rate Avg,Max,0.0,0.0,0.0,0.0,0.0,0.0,0.0,0.0,0.0,0.0,0.0,0.0,0.0,0.0
Bwd Blk Rate Avg,Mean,0.0,0.0,0.0,0.0,0.0,0.0,0.0,0.0,0.0,0.0,0.0,0.0,0.0,0.0
Bwd Blk Rate Avg,Unique,0,0,0,0,0,0,0,0,0,0,0,0,0,0
Bwd Blk Rate Avg,Distinct,1,1,1,1,1,1,1,1,1,1,1,1,1,1
Bwd Blk Rate Avg,StandardDeviation,0.0,0.0,0.0,0.0,0.0,0.0,0.0,0.0,0.0,0.0,0.0,0.0,0.0,0.0
Bwd Byts/b Avg,Min,0.0,0.0,0.0,0.0,0.0,0.0,0.0,0.0,0.0,0.0,0.0,0.0,0.0,0.0
Bwd Byts/b Avg,Max,0.0,0.0,0.0,0.0,0.0,0.0,0.0,0.0,0.0,0.0,0.0,0.0,0.0,0.0
Bwd Byts/b Avg,Mean,0.0,0.0,0.0,0.0,0.0,0.0,0.0,0.0,0.0,0.0,0.0,0.0,0.0,0.0
Bwd Byts/b Avg,Unique,0,0,0,0,0,0,0,0,0,0,0,0,0,0
Bwd Byts/b Avg,Distinct,1,1,1,1,1,1,1,1,1,1,1,1,1,1
Bwd Byts/b Avg,StandardDeviation,0.0,0.0,0.0,0.0,0.0,0.0,0.0,0.0,0.0,0.0,0.0,0.0,0.0,0.0
Bwd Header Len,Min,0.0,0.0,0.0,0.0,0.0,0.0,0.0,0.0,20.0,0.0,20.0,0.0,0.0,0.0
Bwd Header Len,Max,2462372.0,2472.0,2172.0,2192.0,92.0,0.0,92.0,176.0,20.0,136.0,20.0,376372.0,312.0,712.0
Bwd Header Len,Mean,148.92990400682018,46.27379617108854,460.70703764320785,989.0608695652174,21.960257254975133,0.0,46.19056528130429,81.23494266165558,20.0,63.47333939945405,20.0,90.00607654970544,57.88505747126437,360.90444535660407
Bwd Header Len,Unique,3726,36,13,5,0,0,0,0,0,0,0,254,2,0
Bwd Header Len,Distinct,7340,97,19,9,2,1,2,7,1,10,1,680,9,9
Bwd Header Len,StandardDeviation,3580.1834841643986,56.14905901749605,841.1995318039969,1042.6698446730625,39.21850033788932,0.0,45.99960526867118,60.44153670398801,0.0,40.03198867453197,0.0,1086.2971182590536,57.7870496742494,329.50556949283015
Bwd IAT Max,Min,0.0,0.0,0.0,0.0,0.0,0.0,0.0,0.0,0.0,0.0,0.0,0.0,0.0,0.0
Bwd IAT Max,Max,120000000.0,34200000.0,5005224.0,5005224.0,51630.0,0.0,1957121.0,77226001.0,0.0,119464319.0,0.0,120000000.0,5005215.0,400597.0
Bwd IAT Max,Mean,3013644.6069481075,6401.190603478097,838485.8657937807,567628.3434782609,2320.4317577535085,0.0,648209.6291941388,3556249.1842054543,0.0,56287231.01310282,0.0,3193208.6121012266,1739664.1724137932,70709.42001929751
Bwd IAT Max,Unique,1558993,5801,225,112,5355,0,217647,17553,0,5975,0,22240,44,41289
Bwd IAT Max,Distinct,2171853,12834,244,113,24440,1,251455,20718,1,6541,1,24688,47,62720
Bwd IAT Max,StandardDeviation,10925439.83106337,189575.85584237328,1578064.9194286724,736537.1081816934,5167.712766754025,0.0,678170.1530095413,4475521.1092707915,0.0,41910106.70041034,0.0,11202867.232524665,2353421.1319767577,74445.21236072095
Bwd IAT Mean,Min,0.0,0.0,0.0,0.0,0.0,0.0,0.0,0.0,0.0,0.0,0.0,0.0,0.0,0.0
Bwd IAT Mean,Max,120000000.0,11400000.0,1676160.66666667,1783178.33333333,21833.33333,0.0,652535.3333,54111214.5,0.0,119464319.0,0.0,114000000.0,2442916.75,38080.0
Bwd IAT Mean,Mean,926778.9578177705,2325.7952277732916,297984.86275721306,286416.84100810735,930.8729089284813,0.0,216169.49446968333,1750635.8821813418,0.0,45963404.80532302,0.0,924359.7135362257,563775.7503010394,9061.010238590234
Bwd IAT Mean,Unique,3604111,6321,248,112,8696,0,217443,23509,0,5967,0,44439,48,55056
Bwd IAT Mean,Distinct,4074534,13254,258,113,31674,1,251427,24905,1,6553,1,45533,49,72023
Bwd IAT Mean,StandardDeviation,4412214.504630673,63710.81072625766,520547.9031157218,324493.9794101275,2173.4635724306618,0.0,226152.38300603133,2684362.910257654,0.0,38506169.620475315,0.0,3804004.745092284,768924.1156180269,9167.66925298859
Bwd IAT Min,Min,0.0,0.0,0.0,0.0,0.0,0.0,0.0,0.0,0.0,0.0,0.0,0.0,0.0,0.0
Bwd IAT Min,Max,120000000.0,515663.0,27477.0,2161.0,4414.0,0.0,2110.0,30999638.0,0.0,119464319.0,0.0,114000000.0,4559.0,696.0
Bwd IAT Min,Mean,317725.381004839,175.5399855341363,312.52209492635023,36.06956521739131,6.976634519512778,0.0,15.884191179660911,105077.70938132408,0.0,36093507.348316655,0.0,259228.78278804946,1034.0689655172414,5.65040594064684
Bwd IAT Min,Unique,249818,259,117,16,247,0,250,2482,0,2936,0,20505,48,35
Bwd IAT Min,Distinct,729472,478,148,36,629,1,650,4863,1,4710,1,23796,49,109
Bwd IAT Min,StandardDeviation,3901587.0411745235,8915.194290757852,1219.9921429623564,162.31334278991685,26.463530399131216,0.0,32.6324305364406,1222193.6302330834,0.0,38660132.923163414,0.0,3026372.800012215,1189.4699852532935,7.879340123138417
Bwd IAT Std,Min,0.0,0.0,0.0,0.0,0.0,0.0,0.0,0.0,0.0,0.0,0.0,0.0,0.0,0.0
Bwd IAT Std,Max,84837189.5109486,19800000.0,2888853.23812933,2811172.09176321,28130.01167,0.0,1129804.347,32689244.5596585,0.0,60622710.3971772,0.0,84700000.0,2889117.9798596,86876.8341615219
Bwd IAT Std,Mean,973904.3563635689,3521.94211343559,434752.72922635934,243834.47788372578,1270.1639372574248,0.0,374157.7947258074,2028545.3187376973,0.0,14098059.2951283,0.0,1062044.418005741,958581.1289230996,18714.914933587876
Bwd IAT Std,Unique,4230560,119550,254,112,152589,0,288992,25702,0,4679,0,36145,48,93818
Bwd IAT Std,Distinct,4369756,128746,261,113,157488,1,289141,26023,1,4728,1,36418,49,93819
Bwd IAT Std,StandardDeviation,3599562.423053317,109330.967327997,877689.9867651324,365807.40282125905,2813.8978885803476,0.0,391458.9618698911,2331616.312701318,0.0,16443930.003055656,0.0,3822022.4807917527,1310783.2421752778,19258.793474417944
Bwd IAT Tot,Min,0.0,0.0,0.0,0.0,0.0,0.0,0.0,0.0,0.0,0.0,0.0,0.0,0.0,0.0
Bwd IAT Tot,Max,120000000.0,34200000.0,63603689.0,63031981.0,65500.0,0.0,1957606.0,108222429.0,0.0,119464319.0,0.0,120000000.0,12903213.0,567261.0
Bwd IAT Tot,Mean,8923300.5629674,6744.838782491413,12543444.284779051,27081749.42173913,2792.6187267861205,0.0,648508.4834091474,4741771.520044329,0.0,69073902.57142857,0.0,9342670.004452432,2026758.2183908045,183334.84066229896
Bwd IAT Tot,Unique,3100531,5864,248,112,8696,0,217443,23507,0,5964,0,28116,48,36862
Bwd IAT Tot,Distinct,3698255,12947,258,113,31674,1,251427,24904,1,6551,1,29768,49,58807
Bwd IAT Tot,StandardDeviation,27884203.19853349,189782.01540568733,22852657.57289304,28509601.928245053,6520.390717296958,0.0,678457.1490190092,6712493.55267485,0.0,49852376.31724653,0.0,28783871.369435426,2839893.199999211,184675.40013050535
Bwd PSH Flags,Min,0.0,0.0,0.0,0.0,0.0,0.0,0.0,0.0,0.0,0.0,0.0,0.0,0.0,0.0
Bwd PSH Flags,Max,0.0,0.0,0.0,0.0,0.0,0.0,0.0,0.0,0.0,0.0,0.0,0.0,0.0,0.0
Bwd PSH Flags,Mean,0.0,0.0,0.0,0.0,0.0,0.0,0.0,0.0,0.0,0.0,0.0,0.0,0.0,0.0
Bwd PSH Flags,Unique,0,0,0,0,0,0,0,0,0,0,0,0,0,0
Bwd PSH Flags,Distinct,1,1,1,1,1,1,1,1,1,1,1,1,1,1
Bwd PSH Flags,StandardDeviation,0.0,0.0,0.0,0.0,0.0,0.0,0.0,0.0,0.0,0.0,0.0,0.0,0.0,0.0
Bwd Pkt Len Max,Min,0.0,0.0,0.0,0.0,0.0,0.0,0.0,0.0,0.0,0.0,0.0,0.0,0.0,0.0
Bwd Pkt Len Max,Max,65160.0,1460.0,2920.0,2920.0,935.0,0.0,964.0,972.0,0.0,516.0,0.0,1880.0,4012.0,976.0
Bwd Pkt Len Max,Mean,374.34400396360087,59.08444710001363,336.47790507364977,946.2391304347826,223.18304927610595,0.0,483.9967927301884,568.6015707815361,0.0,6.667151956323931,0.0,293.42377141304485,925.264367816092,488.12226729712296
Bwd Pkt Len Max,Unique,75,0,5,1,0,0,0,0,0,0,0,228,18,0
Bwd Pkt Len Max,Distinct,2860,10,12,8,2,1,2,3,1,2,1,697,31,2
Bwd Pkt Len Max,StandardDeviation,510.46259900963855,64.5771009476818,494.19273467388126,985.7221405998798,398.5793240861577,0.0,481.99586390216325,436.1428618054684,0.0,58.273488777096865,0.0,505.30185063851917,1101.5637313599195,487.9999846831023
Bwd Pkt Len Mean,Min,0.0,0.0,0.0,0.0,0.0,0.0,0.0,0.0,0.0,0.0,0.0,0.0,0.0,0.0
Bwd Pkt Len Mean,Max,33879.28358,730.0,1391.0,1844.0588235294,233.75,0.0,241.0,324.0,0.0,258.0,0.0,1459.430386,1575.2666666667,221.4444444444
Bwd Pkt Len Mean,Mean,124.66830767779881,17.956223834075384,181.60268957168535,868.866651702966,55.79576231902649,0.0,120.9991981825471,158.70079583053322,0.0,3.3335759781619654,0.0,105.2642982604295,294.28086903517936,62.69196750828345
Bwd Pkt Len Mean,Unique,206785,34,23,40,0,0,0,0,0,0,0,6085,33,0
Bwd Pkt Len Mean,Distinct,298023,99,47,70,2,1,2,7,1,2,1,8385,41,7
Bwd Pkt Len Mean,StandardDeviation,171.72142674796982,23.93387470180751,289.2182537568674,907.850396360097,99.64483102153943,0.0,120.49896597554081,125.08911049413268,0.0,29.136744388548433,0.0,173.01222165101802,384.67786009841603,62.80360334921095
Bwd Pkt Len Min,Min,0.0,0.0,0.0,0.0,0.0,0.0,0.0,0.0,0.0,0.0,0.0,0.0,0.0,0.0
Bwd Pkt Len Min,Max,1460.0,0.0,329.0,329.0,0.0,0.0,0.0,0.0,0.0,0.0,0.0,549.0,0.0,0.0
Bwd Pkt Len Min,Mean,31.486991635265664,0.0,1.0769230769230769,1.4304347826086956,0.0,0.0,0.0,0.0,0.0,0.0,0.0,32.252497931255945,0.0,0.0
Bwd Pkt Len Min,Unique,115,0,0,1,0,0,0,0,0,0,0,23,0,0
Bwd Pkt Len Min,Distinct,798,1,2,2,1,1,1,1,1,1,1,260,1,1
Bwd Pkt Len Min,StandardDeviation,54.162515149385534,0.0,18.792230548662467,21.646406163863876,0.0,0.0,0.0,0.0,0.0,0.0,0.0,53.93182838192494,0.0,0.0
Bwd Pkt Len Std,Min,0.0,0.0,0.0,0.0,0.0,0.0,0.0,0.0,0.0,0.0,0.0,0.0,0.0,0.0
Bwd Pkt Len Std,Max,22448.413526582273,1032.375901,1494.5245302198,520.9459315597,467.5,0.0,482.0,561.1844616523,0.0,364.8670990923,0.0,1329.360749,2316.3292799888,393.7344000437
Bwd Pkt Len Std,Mean,136.89043437104743,29.374873664892156,130.62338899452948,160.8068040609765,111.59152463805297,0.0,241.9983963650942,299.65406192714,0.0,4.714388359518329,0.0,102.79158015959601,468.2481887116079,131.12198835863543
Bwd Pkt Len Std,Unique,337265,34,132,109,0,0,0,0,0,0,0,7100,33,0
Bwd Pkt Len Std,Distinct,423477,99,138,111,2,1,2,7,1,2,1,9066,41,7
Bwd Pkt Len Std,StandardDeviation,206.55316858435677,36.345416331736864,176.66233432964208,167.34846474761352,199.28966204307886,0.0,240.99793195108163,231.41817786406102,0.0,41.20557907768799,0.0,211.27503087396866,560.1434291890796,131.1335198147463
Bwd Pkts/b Avg,Min,0.0,0.0,0.0,0.0,0.0,0.0,0.0,0.0,0.0,0.0,0.0,0.0,0.0,0.0
Bwd Pkts/b Avg,Max,0.0,0.0,0.0,0.0,0.0,0.0,0.0,0.0,0.0,0.0,0.0,0.0,0.0,0.0
Bwd Pkts/b Avg,Mean,0.0,0.0,0.0,0.0,0.0,0.0,0.0,0.0,0.0,0.0,0.0,0.0,0.0,0.0
Bwd Pkts/b Avg,Unique,0,0,0,0,0,0,0,0,0,0,0,0,0,0
Bwd Pkts/b Avg,Distinct,1,1,1,1,1,1,1,1,1,1,1,1,1,1
Bwd Pkts/b Avg,StandardDeviation,0.0,0.0,0.0,0.0,0.0,0.0,0.0,0.0,0.0,0.0,0.0,0.0,0.0,0.0
Bwd Pkts/s,Min,0.0,0.0,0.0,0.0,0.0,0.0,0.0,0.0,14285.71429,0.0,0.0,0.0,0.0,0.0
Bwd Pkts/s,Max,2000000.0,8398.19746,1650.1650165017,1481.4814814815,5997.001499,0.0,7194.244604,47619.0476190476,1000000.0,1000000.0,1000000.0,2000000.0,5263.1578947368,1000000.0
Bwd Pkts/s,Mean,4459.607628695284,179.76676598617934,5.588849658101637,7.313973633641304,199.4001795989726,0.0,2.0205511715386164,3.4992837242910353,367350.0472381892,31251.485382260475,594561.8051710402,41602.84701030114,224.74699070458965,79223.34993663382
Bwd Pkts/s,Unique,4353282,7511,266,114,8736,0,217391,25556,2,6623,1,59268,58,54139
Bwd Pkts/s,Distinct,4966227,15609,270,115,31679,1,251308,26580,55,7117,54,64141,59,71499
Bwd Pkts/s,StandardDeviation,43464.53014269421,205.13373628488242,87.09040962840692,97.4199004431496,609.0011647093125,0.0,25.564050835654555,233.868898436597,159385.10950236736,122040.84336342373,318701.24843416776,144478.04735128873,930.0388383033285,82620.5610158096
Bwd Seg Size Avg,Min,0.0,0.0,0.0,0.0,0.0,0.0,0.0,0.0,0.0,0.0,0.0,0.0,0.0,0.0
Bwd Seg Size Avg,Max,33879.28358,730.0,1391.0,1844.0588235294,233.75,0.0,241.0,324.0,0.0,258.0,0.0,1459.430386,1575.2666666667,221.4444444444
Bwd Seg Size Avg,Mean,124.66830767779905,17.956223834075384,181.60268957168535,868.866651702966,55.79576231902649,0.0,120.9991981825471,158.70079583053322,0.0,3.3335759781619654,0.0,105.2642982604295,294.28086903517936,62.69196750828345
Bwd Seg Size Avg,Unique,169630,34,23,40,0,0,0,0,0,0,0,6085,33,0
Bwd Seg Size Avg,Distinct,256784,99,47,70,2,1,2,7,1,2,1,8385,41,7
Bwd Seg Size Avg,StandardDeviation,171.7214267479713,23.93387470180751,289.2182537568674,907.850396360097,99.64483102153943,0.0,120.49896597554081,125.08911049413268,0.0,29.136744388548433,0.0,173.01222165101802,384.67786009841603,62.80360334921095
Bwd URG Flags,Min,0.0,0.0,0.0,0.0,0.0,0.0,0.0,0.0,0.0,0.0,0.0,0.0,0.0,0.0
Bwd URG Flags,Max,0.0,0.0,0.0,0.0,0.0,0.0,0.0,0.0,0.0,0.0,0.0,0.0,0.0,0.0
Bwd URG Flags,Mean,0.0,0.0,0.0,0.0,0.0,0.0,0.0,0.0,0.0,0.0,0.0,0.0,0.0,0.0
Bwd URG Flags,Unique,0,0,0,0,0,0,0,0,0,0,0,0,0,0
Bwd URG Flags,Distinct,1,1,1,1,1,1,1,1,1,1,1,1,1,1
Bwd URG Flags,StandardDeviation,0.0,0.0,0.0,0.0,0.0,0.0,0.0,0.0,0.0,0.0,0.0,0.0,0.0,0.0
CWE Flag Count,Min,0.0,0.0,0.0,0.0,0.0,0.0,0.0,0.0,0.0,0.0,0.0,0.0,0.0,0.0
CWE Flag Count,Max,1.0,0.0,0.0,0.0,0.0,0.0,0.0,0.0,0.0,0.0,0.0,1.0,0.0,0.0
CWE Flag Count,Mean,0.00010641683898531581,0.0,0.0,0.0,0.0,0.0,0.0,0.0,0.0,0.0,0.0,0.007558634999444218,0.0,0.0
CWE Flag Count,Unique,0,0,0,0,0,0,0,0,0,0,0,0,0,0
CWE Flag Count,Distinct,2,1,1,1,1,1,1,1,1,1,1,2,1,1
CWE Flag Count,StandardDeviation,0.01031530486421493,0.0,0.0,0.0,0.0,0.0,0.0,0.0,0.0,0.0,0.0,0.08661121195543563,0.0,0.0
Down/Up Ratio,Min,0.0,0.0,0.0,0.0,0.0,0.0,0.0,0.0,1.0,0.0,1.0,0.0,0.0,0.0
Down/Up Ratio,Max,311.0,57.0,1.0,1.0,1.0,0.0,1.0,1.0,1.0,2.0,1.0,11.0,1.0,1.0
Down/Up Ratio,Mean,0.5063134477958292,0.5117316756990961,0.11292962356792144,0.017391304347826087,0.23869844842364274,0.0,0.5020713617533075,0.3937313289004529,1.0,0.32101910828025476,1.0,0.6862981214568898,0.27586206896551724,0.7625766969278582
Down/Up Ratio,Unique,110,11,0,0,0,0,0,0,0,0,0,1,0,0
Down/Up Ratio,Distinct,338,53,2,2,2,1,2,2,1,3,1,10,2,2
Down/Up Ratio,StandardDeviation,1.0637686321977353,0.8912916500237886,0.31650675141097545,0.13072431633367745,0.42628804715097085,0.0,0.49999570944207805,0.48857647256364717,0.0,0.4937686853664603,0.0,0.6029211308730889,0.44694763437295587,0.42550379343838485
Dst Port,Min,0.0,0.0,0.0,67.0,80.0,80.0,80.0,80.0,21.0,80.0,21.0,0.0,80.0,21.0
Dst Port,Max,65535.0,65460.0,31808.0,500.0,80.0,80.0,80.0,80.0,21.0,80.0,21.0,65531.0,80.0,22.0
Dst Port,Mean,10730.80044269405,8721.356450761903,215.6530278232406,87.24782608695652,80.0,80.0,80.0,80.0,21.0,80.0,21.0,8698.83950251337,80.0,21.999840075910633
Dst Port,Unique,530,113,2,1,0,0,0,0,0,0,0,2565,0,0
Dst Port,Distinct,64693,1358,6,3,1,1,1,1,1,1,1,8422,1,2
Dst Port,StandardDeviation,20248.03862161498,5259.236894883315,1290.6481075599636,54.91839297155781,0.0,0.0,0.0,0.0,0.0,0.0,0.0,17963.52414378369,0.0,0.012645098407819069
ECE Flag Cnt,Min,0.0,0.0,0.0,0.0,0.0,0.0,0.0,0.0,0.0,0.0,0.0,0.0,0.0,0.0
ECE Flag Cnt,Max,1.0,1.0,1.0,1.0,1.0,0.0,1.0,0.0,0.0,0.0,0.0,1.0,1.0,0.0
ECE Flag Cnt,Mean,0.1789461069531502,0.49970474263691034,0.4386252045826514,0.49130434782608695,0.23869844842364274,0.0,0.5020713617533075,0.0,0.0,0.0,0.0,0.2007669791396495,0.6091954022988506,0.0
ECE Flag Cnt,Unique,0,0,0,0,0,0,0,0,0,0,0,0,0,0
ECE Flag Cnt,Distinct,2,2,2,2,2,1,2,1,1,1,1,2,2,1
ECE Flag Cnt,StandardDeviation,0.38330718459149954,0.4999999128230819,0.4962188372960851,0.49992437991487304,0.42628804715097085,0.0,0.49999570944207805,0.0,0.0,0.0,0.0,0.40057408706354064,0.4879306960181868,0.0
FIN Flag Cnt,Min,0.0,0.0,0.0,0.0,0.0,0.0,0.0,0.0,0.0,0.0,0.0,0.0,0.0,0.0
FIN Flag Cnt,Max,1.0,0.0,0.0,0.0,0.0,0.0,0.0,1.0,0.0,1.0,0.0,1.0,0.0,0.0
FIN Flag Cnt,Mean,0.00559722909832382,0.0,0.0,0.0,0.0,0.0,0.0,2.4091741351064854e-05,0.0,0.011373976342129208,0.0,0.00601479615151852,0.0,0.0
FIN Flag Cnt,Unique,0,0,0,0,0,0,0,1,0,0,0,0,0,0
FIN Flag Cnt,Distinct,2,1,1,1,1,1,1,2,1,2,1,2,1,1
FIN Flag Cnt,StandardDeviation,0.0746049604566928,0.0,0.0,0.0,0.0,0.0,0.0,0.004908274741603563,0.0,0.10604060073527447,0.0,0.07732152597287639,0.0,0.0
Flow Byts/s,Min,0.0,0.0,0.0,0.0,0.0,16051.71141,0.0,0.0,0.0,0.0,0.0,0.0,0.0,0.0
Flow Byts/s,Max,inf,474576.2712,1037953.79537954,931851.851851852,1911676.647,1074850.005,1769784.173,22333333.3333333,0.0,230000000.0,0.0,inf,4507.5130562347,47005.9665748994
Flow Byts/s,Mean,nan,20368.753361152558,3703.8627782610647,6092.279236781792,61521.40255852053,34500.634999225505,542.7620589914507,1534.9729152889893,0.0,311909.61415834574,nan,nan,351.7950218714058,6333.739039202708
Flow Byts/s,Unique,5958598,8047,351,117,124163,1730,218188,27764,0,6647,0,75081,48,72014
Flow Byts/s,Distinct,6487851,14841,371,118,141326,1730,252105,27769,1,7132,2,82639,49,82092
Flow Byts/s,StandardDeviation,nan,20975.484123622442,54772.93392031739,61213.357656470274,187949.08234483597,29314.03140491008,6421.3029018556035,109675.94346731996,0.0,2751936.820815341,nan,nan,658.560668052445,6415.726907956941
Flow Duration,Min,-919011000000.0,236.0,6.0,13.0,2.0,61002.0,556.0,21.0,1.0,1.0,0.0,0.0,12.0,1.0
Flow Duration,Max,120000000.0,117021898.0,112641346.0,89479854.0,88511.0,119999998.0,119999998.0,113661903.0,70.0,119464329.0,63.0,119999951.0,12903217.0,567266.0
Flow Duration,Mean,13453462.373821294,75298.90860649008,35441304.4680851,28662697.826086957,9720.32487041043,116018169.29884394,11889808.633109506,11233440.509347595,4.899885624419187,71980336.26979072,3.8031961108812578,11222826.419318981,3315726.9310344825,183349.68250803617
Flow Duration,Unique,3508303,6435,468,214,6262,1698,499411,38978,2,8267,1,64962,75,37072
Flow Duration,Distinct,4553849,14292,524,222,39259,1712,535654,40156,55,9047,54,70646,80,59000
Flow Duration,StandardDeviation,541971897.2047771,2485228.5583104123,38906517.7147685,29399035.747852817,9185.640787625041,16789340.238465894,15610790.50603098,17136235.105706252,6.437430362582591,48239038.78535705,5.831338066433163,31323805.11330074,2875931.7271380327,184682.31574972643
Flow IAT Max,Min,-828220000000.0,222.0,6.0,13.0,2.0,456.0,292.0,21.0,1.0,1.0,0.0,0.0,12.0,1.0
Flow IAT Max,Max,979781000000.0,86700000.0,56320736.0,41990102.0,88511.0,1527529.0,102000000.0,111383938.0,70.0,119464308.0,63.0,120000000.0,5010023.0,330555.0
Flow IAT Max,Mean,7315898.768491835,32122.05243351468,11977822.60720131,1317863.704347826,9177.695779374122,717645.6023121388,11740164.954876075,9817953.327045389,4.899885624419187,48763340.13384895,3.8031961108812578,4016055.747681154,2944981.3218390807,51154.095496004564
Flow IAT Max,Unique,2370429,6000,461,211,4568,1720,282561,32670,2,4481,1,36391,75,43049
Flow IAT Max,Distinct,3201027,13778,520,220,36052,1725,318892,35899,55,5807,54,44203,80,64573
Flow IAT Max,StandardDeviation,723585256.9733381,970916.0356498595,18304895.087142076,5467118.977869652,8669.192446219853,133823.4130818624,15153319.328790661,16684302.439276708,6.437430362582591,38340727.878940724,5.831338066433163,12564125.738475524,2430822.856919175,56615.99841592674
Flow IAT Mean,Min,-828220000000.0,117.168,6.0,13.0,2.0,29.78613281,92.66666667,21.0,1.0,1.0,0.0,0.0,12.0,1.0
Flow IAT Mean,Max,120000000.0,14500000.0,56320673.0,17895970.8,88511.0,1993.590118,102000000.0,86037075.0,70.0,58103347.5,63.0,119000000.0,1670106.0,39175.0
Flow IAT Mean,Mean,3495041.2672118917,3323.852361959142,5839995.734053426,417288.3002229471,7392.073676067878,1017.9875504148041,11198930.237292016,5913141.075502252,4.899885624419187,11566544.092718635,3.8031961108812578,957423.064870924,470021.3561554624,4296.898354268644
Flow IAT Mean,Unique,5077921,6880,468,216,11795,1730,285019,39051,2,8290,1,64449,75,66787
Flow IAT Mean,Distinct,5706633,14596,524,223,61575,1730,320204,40196,55,9058,54,70304,80,79070
Flow IAT Mean,StandardDeviation,244582354.01904783,85266.62359698239,11878715.449792111,2330654.203522748,8675.987039666015,233.0329272420307,15529678.497817192,12342307.572290191,6.437430362582591,13487393.037290892,5.831338066433163,5424494.355481666,449621.22549006704,4326.344108991479
Flow IAT Min,Min,-947405000000.0,0.0,2.0,2.0,1.0,0.0,0.0,1.0,1.0,1.0,0.0,0.0,4.0,1.0
Flow IAT Min,Max,120000000.0,222658.0,56320643.0,4000190.0,88511.0,1.0,102000000.0,86037075.0,70.0,1071338.0,63.0,119000000.0,6306.0,39175.0
Flow IAT Min,Mean,2301463.001810792,273.14703467264866,2760897.2831423897,69668.45217391304,6927.462207658175,0.18554913294797687,11090635.387142457,4186153.608798304,4.899885624419187,207585.9135577798,3.8031961108812578,471530.29923302087,112.28735632183908,5.985169706112832
Flow IAT Min,Unique,600222,169,188,56,4555,0,67411,13438,2,1592,1,11215,19,12
Flow IAT Min,Distinct,772571,774,260,81,35112,2,68480,13616,55,1923,54,15539,36,43
Flow IAT Min,StandardDeviation,820265589.5421128,525.2617518326823,10232234.719326852,522903.79248568974,8973.702824898895,0.3887423982668097,15606306.926345607,10705402.690857168,6.437430362582591,411180.9568145042,5.831338066433163,5239565.178905442,681.41630578829,133.1803135823453
Flow IAT Std,Min,0.0,0.0,0.0,0.0,0.0,31.56533633,0.0,0.0,0.0,0.0,0.0,0.0,0.0,0.0
Flow IAT Std,Max,474354474600.909,30900000.0,15345320.2110653,15345114.2127882,20646.8017,38301.02238,27500000.0,78760335.0466349,0.0,82170516.5979327,0.0,65700000.0,2892452.97204172,52550.8511102434
Flow IAT Std,Mean,1481747.9988452075,9007.527948482924,3677896.2916584653,476031.40566868626,922.4231314856577,20567.75580522158,264929.7005205898,2884016.097769955,0.0,20671968.6399787,0.0,1070299.5595504583,1145034.543416854,10350.623055587314
Flow IAT Std,Unique,6428750,143028,415,165,162918,1730,289998,27771,0,8905,0,55661,58,93887
Flow IAT Std,Distinct,6573814,143148,417,170,163332,1730,290046,27772,1,9406,1,57139,59,93937
Flow IAT Std,StandardDeviation,370968449.16025203,251796.4770121337,5990442.013182414,2003046.468227667,2091.2582410005657,4261.937187789484,289128.7214919074,10188435.403406078,0.0,22934567.81343496,0.0,3350532.940385088,981729.5588525577,10757.513295901634
Flow Pkts/s,Min,-0.0088953248,0.07745371,0.0266332045,0.0670541997,22.59606151,501.6159815,0.019563717,0.0232457926,28571.42857,0.0258160685,31746.0317460317,0.016812064,0.7983525197,51.0529674537
Flow Pkts/s,Max,inf,12711.86441,333333.333333333,153846.153846154,1000000.0,33589.06265,12589.92806,95238.0952380952,2000000.0,2000000.0,inf,inf,166666.666666667,2000000.0
Flow Pkts/s,Mean,inf,2236.5335018501846,13934.19640869982,8071.956723677582,948.3727530694457,1078.1448437390195,5.264553291900614,8.728736635026063,734700.0945088286,65291.94327761572,inf,inf,23982.7087978737,158521.13263148363
Flow Pkts/s,Unique,5182404,6886,468,214,12030,1730,502016,38977,2,8295,1,65839,75,66012
Flow Pkts/s,Distinct,5836248,14592,524,222,62262,1730,537058,40155,55,9061,54,72049,80,78634
Flow Pkts/s,StandardDeviation,nan,1643.585366302552,39108.53045213849,16770.018962899434,4803.206450137674,916.0634813012937,60.820618323428,468.40078088990396,318770.21899906977,247862.51754873947,nan,nan,42634.276336432136,165250.3096350522
Fwd Act Data Pkts,Min,0.0,0.0,0.0,0.0,0.0,713.0,0.0,0.0,0.0,0.0,0.0,0.0,0.0,0.0
Fwd Act Data Pkts,Max,121308.0,2.0,101.0,101.0,1.0,309628.0,280042.0,11.0,0.0,11.0,0.0,8380.0,13.0,16.0
Fwd Act Data Pkts,Mean,2.100875525076257,0.5116058855799099,22.55973813420622,47.69565217391305,0.23869844842364274,117350.4289017341,155.05017954115908,0.8377903054832804,0.0,5.004367606915378,0.0,1.9847468721824941,0.9425287356321839,8.001471301622164
Fwd Act Data Pkts,Unique,209,0,8,2,0,1679,781,0,0,0,0,51,4,0
Fwd Act Data Pkts,Distinct,442,3,13,6,2,1701,791,12,1,12,1,111,7,3
Fwd Act Data Pkts,StandardDeviation,35.60637550034744,0.5286538563259819,40.41471936079258,50.21643138551771,0.42628804715097085,28270.174800927594,4614.464266761602,1.2131316500993015,0.0,5.204514299632045,0.0,35.45794412613859,1.8653299103540961,7.99979995709169
Fwd Blk Rate Avg,Min,0.0,0.0,0.0,0.0,0.0,0.0,0.0,0.0,0.0,0.0,0.0,0.0,0.0,0.0
Fwd Blk Rate Avg,Max,0.0,0.0,0.0,0.0,0.0,0.0,0.0,0.0,0.0,0.0,0.0,0.0,0.0,0.0
Fwd Blk Rate Avg,Mean,0.0,0.0,0.0,0.0,0.0,0.0,0.0,0.0,0.0,0.0,0.0,0.0,0.0,0.0
Fwd Blk Rate Avg,Unique,0,0,0,0,0,0,0,0,0,0,0,0,0,0
Fwd Blk Rate Avg,Distinct,1,1,1,1,1,1,1,1,1,1,1,1,1,1
Fwd Blk Rate Avg,StandardDeviation,0.0,0.0,0.0,0.0,0.0,0.0,0.0,0.0,0.0,0.0,0.0,0.0,0.0,0.0
Fwd Byts/b Avg,Min,0.0,0.0,0.0,0.0,0.0,0.0,0.0,0.0,0.0,0.0,0.0,0.0,0.0,0.0
Fwd Byts/b Avg,Max,0.0,0.0,0.0,0.0,0.0,0.0,0.0,0.0,0.0,0.0,0.0,0.0,0.0,0.0
Fwd Byts/b Avg,Mean,0.0,0.0,0.0,0.0,0.0,0.0,0.0,0.0,0.0,0.0,0.0,0.0,0.0,0.0
Fwd Byts/b Avg,Unique,0,0,0,0,0,0,0,0,0,0,0,0,0,0
Fwd Byts/b Avg,Distinct,1,1,1,1,1,1,1,1,1,1,1,1,1,1
Fwd Byts/b Avg,StandardDeviation,0.0,0.0,0.0,0.0,0.0,0.0,0.0,0.0,0.0,0.0,0.0,0.0,0.0,0.0
Fwd Header Len,Min,0.0,0.0,0.0,8.0,40.0,5712.0,40.0,32.0,40.0,32.0,40.0,0.0,40.0,32.0
Fwd Header Len,Max,2275036.0,1404.0,3104.0,4104.0,72.0,2477032.0,2240344.0,608.0,40.0,536.0,40.0,199172.0,572.0,904.0
Fwd Header Len,Mean,120.28640382869247,56.72667554185841,694.1996726677578,1944.9913043478261,47.63835034955657,938811.4312138729,1292.407309381785,124.78182519032475,40.0,256.24021838034577,40.0,89.1976731260884,90.29885057471265,379.1591191381158
Fwd Header Len,Unique,3513,6,10,6,0,1679,782,7,0,3,0,171,6,1
Fwd Header Len,Distinct,5816,18,19,12,2,1701,792,44,1,31,1,448,10,15
Fwd Header Len,StandardDeviation,1779.7475783620082,18.757157983297517,1224.88039139506,2001.9675691055718,13.641217508831074,226161.39840742075,36914.24354464831,60.94075139759147,0.0,201.8189040888688,0.0,678.3149430538924,78.08661782748881,347.7732174674965
Fwd IAT Max,Min,-828220000000.0,0.0,0.0,0.0,2.0,456.0,224.0,0.0,0.0,0.0,0.0,0.0,12.0,0.0
Fwd IAT Max,Max,979781000000.0,86700000.0,56320736.0,41990102.0,88511.0,1527529.0,102000000.0,111383938.0,0.0,119464312.0,0.0,120000000.0,5010023.0,330555.0
Fwd IAT Max,Mean,7118440.565535642,26271.577355682046,11440014.911620295,1257330.1391304347,8973.334635545734,717645.6023121388,11092205.007546108,8737894.556471042,0.0,48763313.81610555,0.0,3700115.413625304,1423806.0114942528,52774.87575497497
Fwd IAT Max,Unique,2265101,3744,459,211,4248,1720,69090,37333,0,4413,0,39786,75,42310
Fwd IAT Max,Distinct,3300076,5664,519,220,35298,1725,72263,38950,1,5695,1,44430,80,63957
Fwd IAT Max,StandardDeviation,723583031.5090988,952431.8060318156,18572489.12014452,5452289.235783099,8507.545477429736,133823.4130818624,15605686.709734209,17112974.01263013,0.0,38340763.06852095,0.0,12438128.24686002,2185291.759404777,57701.105761158826
Fwd IAT Mean,Min,-828220000000.0,0.0,0.0,0.0,2.0,29.78613281,123.5,0.0,0.0,0.0,0.0,0.0,12.0,0.0
Fwd IAT Mean,Max,120000000.0,14500000.0,56320673.0,17895970.8,88511.0,1993.590118,102000000.0,111383938.0,0.0,119464312.0,0.0,119000000.0,2505159.0,39175.0
Fwd IAT Mean,Mean,3869555.100455894,2483.262040125756,5862459.664232354,458392.80434838746,7988.294704757352,1017.9875504148041,11090985.412527354,7053156.243649272,0.0,28326226.77927112,0.0,1265355.1706393615,423227.4313111963,8554.294529369794
Fwd IAT Mean,Unique,4470433,3808,470,216,5875,1730,69070,38203,0,8138,0,56304,75,61351
Fwd IAT Mean,Distinct,5121681,6076,525,223,45229,1730,72520,39557,1,8896,1,59689,80,75752
Fwd IAT Mean,StandardDeviation,244590399.7435015,79470.50651454672,11872179.580460982,2329252.1720035416,8434.30586800901,233.0329272420307,15606169.50436044,17350015.444689974,0.0,41739788.60886189,0.0,5832832.167578661,715867.3191859269,8620.092326821448
Fwd IAT Min,Min,-947405000000.0,0.0,0.0,0.0,2.0,0.0,0.0,0.0,0.0,0.0,0.0,0.0,12.0,0.0
Fwd IAT Min,Max,120000000.0,514129.0,56320643.0,4000190.0,88511.0,1.0,102000000.0,111383938.0,0.0,119464312.0,0.0,119000000.0,6306.0,39175.0
Fwd IAT Min,Mean,2379919.4467281755,345.23574466003475,2761044.083469722,69817.98260869565,7003.254773968968,0.18554913294797687,11090664.726934297,6366123.103016286,0.0,24465987.224476796,0.0,532865.2918225944,399.32183908045977,118.0274269813262
Fwd IAT Min,Unique,720104,235,264,143,4449,0,67609,14500,0,3228,0,17992,65,44
Fwd IAT Min,Distinct,1006047,1035,391,171,35206,2,69408,15184,1,4407,1,21094,75,518
Fwd IAT Min,StandardDeviation,820267316.6044707,4889.3305485177,10232195.111243194,522883.90228641505,8916.3632279091,0.3887423982668097,15606286.076232554,17572732.80086682,0.0,43699277.699900836,0.0,5369660.0818796605,744.4596048921379,179.5683824928798
Fwd IAT Std,Min,0.0,0.0,0.0,0.0,0.0,31.56533633,0.0,0.0,0.0,0.0,0.0,0.0,0.0,0.0
Fwd IAT Std,Max,474354474600.909,30900000.0,15345320.2110653,15345114.2127882,28849.24957,38301.02238,27500000.0,15177221.4103523,0.0,52501015.1687439,0.0,84700000.0,3542412.64070012,71909.3929041792
Fwd IAT Std,Mean,1659254.6807123928,6743.803846302281,3565192.7846086514,481776.0945128771,1393.0568295995563,20567.75580522158,478.31531143077626,1219696.8055725398,0.0,7212256.093618308,0.0,1199817.3213725558,751916.0908200071,14327.356257016423
Fwd IAT Std,Unique,5099346,6323,415,165,2710,1730,1843,26757,0,6816,0,41208,53,93818
Fwd IAT Std,Distinct,5261910,7224,417,170,19975,1730,3954,26809,1,7014,1,42619,54,93819
Fwd IAT Std,StandardDeviation,370976566.7921748,239677.02729147288,6054329.681565151,2000019.9820397473,3099.1663898983825,4261.937187789484,84423.93042521378,1748872.6770916136,0.0,8853277.085794702,0.0,4261976.9571310105,1198844.4331824004,14953.860292155941
Fwd IAT Tot,Min,-919011000000.0,0.0,0.0,0.0,2.0,61002.0,247.0,0.0,0.0,0.0,0.0,0.0,12.0,0.0
Fwd IAT Tot,Max,120000000.0,117000000.0,112641346.0,89479854.0,88511.0,120000000.0,120000000.0,113661880.0,0.0,119464312.0,0.0,120000000.0,9103080.0,562192.0
Fwd IAT Tot,Mean,13144149.729275266,68942.67118113428,34882020.23076923,28597146.117391303,9050.165972315353,116177836.59364162,11241679.36553157,9140196.837043462,0.0,71980306.37525022,0.0,10704136.521027084,1657453.1954022988,183161.42362825113
Fwd IAT Tot,Unique,3819959,3779,470,214,4261,90,68283,38014,0,8104,0,40498,75,37046
Fwd IAT Tot,Distinct,4668659,5754,525,222,35282,107,71741,39462,1,8879,1,44560,80,59068
Fwd IAT Tot,StandardDeviation,541966508.7454149,2478191.251662458,39364560.12348306,29454568.871671803,8505.572140413708,16827136.652749747,16057806.99703386,17612244.699574817,0.0,48239077.32182827,0.0,31244073.14039494,2510119.8979888004,184504.5186627252
Fwd PSH Flags,Min,0.0,0.0,0.0,0.0,0.0,0.0,0.0,0.0,0.0,0.0,0.0,0.0,0.0,0.0
Fwd PSH Flags,Max,1.0,1.0,1.0,0.0,0.0,0.0,0.0,1.0,0.0,1.0,0.0,1.0,0.0,0.0
Fwd PSH Flags,Mean,0.05179696883314047,1.048250993217816e-05,0.0016366612111292963,0.0,0.0,0.0,0.0,2.4091741351064854e-05,0.0,0.32474977252047316,0.0,0.06490916052218805,0.0,0.0
Fwd PSH Flags,Unique,0,0,1,0,0,0,0,1,0,0,0,0,0,0
Fwd PSH Flags,Distinct,2,2,2,1,1,1,1,2,1,2,1,2,1,1
Fwd PSH Flags,StandardDeviation,0.22161688305009422,0.0032376534788583666,0.04042255003348108,0.0,0.0,0.0,0.0,0.004908274741603563,0.0,0.4682812806085399,0.0,0.24636550367795584,0.0,0.0
Fwd Pkt Len Max,Min,0.0,0.0,0.0,0.0,0.0,32.0,0.0,0.0,0.0,0.0,0.0,0.0,0.0,0.0
Fwd Pkt Len Max,Max,64440.0,1460.0,1168.0,680.0,365.0,32.0,32.0,811.0,0.0,238.0,0.0,1880.0,733.0,640.0
Fwd Pkt Len Max,Mean,226.4911304716424,158.99924875345485,384.42716857610475,337.0217391304348,71.39953091199571,32.0,10.085690335322836,279.5326202177893,0.0,109.78980891719745,0.0,138.37435004384503,331.4022988505747,320.0801752768019
Fwd Pkt Len Max,Unique,34,23,9,1,0,0,0,26,0,0,0,226,23,0
Fwd Pkt Len Max,Distinct,2965,41,13,5,52,1,3,549,1,4,1,1256,35,2
Fwd Pkt Len Max,StandardDeviation,318.4705252240549,162.8500560487617,292.233202589274,334.70970479496395,128.3784914385177,0.0,10.026156510324007,211.0002725922954,0.0,112.68509369921874,0.0,251.96141380396912,304.95737255422284,319.99998995613265
Fwd Pkt Len Mean,Min,0.0,0.0,0.0,0.0,0.0,32.0,0.0,0.0,0.0,0.0,0.0,0.0,0.0,0.0
Fwd Pkt Len Mean,Max,16529.3138401559,696.25,697.6,500.0,121.6666667,32.0,32.0,502.0714285714,0.0,238.0,0.0,1456.355556,260.5,105.6842105263
Fwd Pkt Len Mean,Mean,56.522056171084756,52.827378554328874,213.93370313604655,142.28641804508047,23.799843637087925,32.0,3.391405512103134,71.69475682053117,0.0,79.31495027115912,0.0,39.16192065645417,81.93025327163335,43.20171094614463
Fwd Pkt Len Mean,Unique,103150,34,14,8,0,0,0,857,0,3,0,4494,35,5
Fwd Pkt Len Mean,Distinct,175269,57,21,13,52,1,3,2084,1,46,1,6982,42,70
Fwd Pkt Len Mean,StandardDeviation,62.01493103775672,54.36775537923651,197.81630506383664,144.45635606170617,42.79283047903681,0.0,3.497008808623834,63.83991210796704,0.0,82.4692247976149,0.0,52.870866178393804,79.12462337768326,43.284318484392244
Fwd Pkt Len Min,Min,0.0,0.0,0.0,0.0,0.0,32.0,0.0,0.0,0.0,0.0,0.0,0.0,0.0,0.0
Fwd Pkt Len Min,Max,1460.0,112.0,500.0,500.0,0.0,32.0,32.0,469.0,0.0,238.0,0.0,1416.0,0.0,0.0
Fwd Pkt Len Min,Mean,13.153041726969542,0.0007826940749359693,104.09165302782324,10.0,0.0,32.0,0.044263100256685714,0.011299026693649418,0.0,4.443130118289354,0.0,13.800918892882285,0.0,0.0
Fwd Pkt Len Min,Unique,279,0,0,1,0,0,0,1,0,0,0,18,0,0
Fwd Pkt Len Min,Distinct,725,2,3,3,1,1,2,2,1,4,1,96,1,1
Fwd Pkt Len Min,StandardDeviation,25.83630002672623,0.2960762127946344,202.5200112050939,68.11116233615904,0.0,0.0,1.1893107189332859,2.301980853812071,0.0,22.164128353101752,0.0,26.648288422497412,0.0,0.0
Fwd Pkt Len Std,Min,0.0,0.0,0.0,0.0,0.0,0.0,0.0,0.0,0.0,0.0,0.0,0.0,0.0,0.0
Fwd Pkt Len Std,Max,18401.5827717299,842.931393,452.9158862305,292.8687801257,210.7328483,0.0,11.54700538,531.0371926711,0.0,162.6345596729,0.0,1329.360749,365.5,183.16869064
Fwd Pkt Len Std,Mean,78.70835076779545,91.55665864804838,124.80386355868093,140.78136326999044,41.22253839214777,0.0,5.797420715324873,136.52576838773626,0.0,47.93866871117722,0.0,42.480669667404165,156.98435179686325,68.51136067422593
Fwd Pkt Len Std,Unique,275698,34,14,7,0,0,0,1212,0,6,0,6780,35,11
Fwd Pkt Len Std,Distinct,372059,56,19,11,52,1,2,2539,1,45,1,9008,42,77
Fwd Pkt Len Std,StandardDeviation,122.59470040865209,94.1016304716571,143.22134023861068,145.03244476469513,74.11935659036772,0.0,5.773453146910632,104.46483077985098,0.0,52.19603158132317,0.0,85.50729967960608,144.7438803984107,68.5095686598139
Fwd Pkts/b Avg,Min,0.0,0.0,0.0,0.0,0.0,0.0,0.0,0.0,0.0,0.0,0.0,0.0,0.0,0.0
Fwd Pkts/b Avg,Max,0.0,0.0,0.0,0.0,0.0,0.0,0.0,0.0,0.0,0.0,0.0,0.0,0.0,0.0
Fwd Pkts/b Avg,Mean,0.0,0.0,0.0,0.0,0.0,0.0,0.0,0.0,0.0,0.0,0.0,0.0,0.0,0.0
Fwd Pkts/b Avg,Unique,0,0,0,0,0,0,0,0,0,0,0,0,0,0
Fwd Pkts/b Avg,Distinct,1,1,1,1,1,1,1,1,1,1,1,1,1,1
Fwd Pkts/b Avg,StandardDeviation,0.0,0.0,0.0,0.0,0.0,0.0,0.0,0.0,0.0,0.0,0.0,0.0,0.0,0.0
Fwd Pkts/s,Min,0.0,0.07745371,0.0266332045,0.0670541997,22.59606151,501.6159815,0.019563717,0.0179559097,14285.71429,0.016741399,0.0,0.0,0.5987643898,29.8264526548
Fwd Pkts/s,Max,6000000.0,8474.576271,333333.333333333,153846.153846154,1000000.0,33589.06265,5395.683453,47619.0476190476,1000000.0,2000000.0,1000000.0,3000000.0,166666.666666667,1000000.0
Fwd Pkts/s,Mean,29764.43323037454,2056.7667358635463,13928.607559041717,8064.642750043948,748.9725734699936,1078.1448437390195,3.2440021203597347,5.229452910735344,367350.0472381892,34040.457895355525,594561.8051710402,65833.41322950031,23757.961807169115,79297.78269484936
Fwd Pkts/s,Unique,5077764,8317,468,214,10281,1730,501412,38980,2,8291,1,65710,75,60039
Fwd Pkts/s,Distinct,5765452,16832,524,222,56422,1730,536723,40156,55,9061,54,72108,80,74998
Fwd Pkts/s,StandardDeviation,215230.7318047202,1816.3721191670718,39110.229175505,16772.68384345527,4731.029067760635,916.0634813012937,45.52286545673101,234.9995912998154,159385.10950236736,130110.54157081187,318701.24843416776,249813.12092073256,42706.36573193204,82645.84347772587
Fwd Seg Size Avg,Min,0.0,0.0,0.0,0.0,0.0,32.0,0.0,0.0,0.0,0.0,0.0,0.0,0.0,0.0
Fwd Seg Size Avg,Max,16529.3138401559,696.25,697.6,500.0,121.6666667,32.0,32.0,502.0714285714,0.0,238.0,0.0,1456.355556,260.5,105.6842105263
Fwd Seg Size Avg,Mean,56.522056171084756,52.827378554328874,213.93370313604655,142.28641804508047,23.799843637087925,32.0,3.391405512103134,71.69475682053117,0.0,79.31495027115912,0.0,39.16192065645417,81.93025327163335,43.20171094614463
Fwd Seg Size Avg,Unique,77758,34,14,8,0,0,0,857,0,3,0,4494,35,5
Fwd Seg Size Avg,Distinct,137735,57,21,13,52,1,3,2084,1,46,1,6982,42,70
Fwd Seg Size Avg,StandardDeviation,62.01493103775672,54.36775537923651,197.81630506383664,144.45635606170617,42.79283047903681,0.0,3.497008808623834,63.83991210796704,0.0,82.4692247976149,0.0,52.870866178393804,79.12462337768326,43.284318484392244
Fwd Seg Size Min,Min,0.0,0.0,0.0,8.0,20.0,8.0,8.0,20.0,40.0,20.0,40.0,0.0,20.0,32.0
Fwd Seg Size Min,Max,56.0,28.0,32.0,20.0,20.0,8.0,20.0,32.0,40.0,40.0,40.0,40.0,20.0,40.0
Fwd Seg Size Min,Mean,16.501569036570906,19.98269687027195,16.818330605564647,19.73913043478261,20.0,8.0,19.98340133740374,31.999710899103786,40.0,33.488262056414925,40.0,17.14273716452382,20.0,32.00127939271493
Fwd Seg Size Min,Unique,1,0,1,0,0,0,0,1,0,0,0,0,0,0
Fwd Seg Size Min,Distinct,11,3,4,2,1,1,2,2,1,3,1,8,1,2
Fwd Seg Size Min,StandardDeviation,6.757962624945197,0.6050729230521963,5.833314040572249,1.7499662432607075,0.0,0.0,0.4459915196000413,0.05889929690006302,0.0,3.5243335291748425,0.0,7.392736609598474,0.0,0.10116078723220932
Fwd URG Flags,Min,0.0,0.0,0.0,0.0,0.0,0.0,0.0,0.0,0.0,0.0,0.0,0.0,0.0,0.0
Fwd URG Flags,Max,1.0,0.0,0.0,0.0,0.0,0.0,0.0,0.0,0.0,0.0,0.0,1.0,0.0,0.0
Fwd URG Flags,Mean,0.00010641683898531581,0.0,0.0,0.0,0.0,0.0,0.0,0.0,0.0,0.0,0.0,0.007558634999444218,0.0,0.0
Fwd URG Flags,Unique,0,0,0,0,0,0,0,0,0,0,0,0,0,0
Fwd URG Flags,Distinct,2,1,1,1,1,1,1,1,1,1,1,2,1,1
Fwd URG Flags,StandardDeviation,0.01031530486421493,0.0,0.0,0.0,0.0,0.0,0.0,0.0,0.0,0.0,0.0,0.08661121195543563,0.0,0.0
Idle Max,Min,0.0,0.0,0.0,0.0,0.0,0.0,0.0,0.0,0.0,0.0,0.0,0.0,0.0,0.0
Idle Max,Max,979781000000.0,86700000.0,56320736.0,41990102.0,0.0,0.0,102000000.0,111383938.0,0.0,119464308.0,0.0,120000000.0,0.0,0.0
Idle Max,Mean,5949867.5203220565,26343.945127554674,10594940.900163665,730244.9043478261,0.0,0.0,10944658.497525994,8243690.998771321,0.0,46904736.7799818,0.0,3805465.4588412563,0.0,0.0
Idle Max,Unique,964544,5,101,4,0,0,33573,19499,0,3289,0,4401,0,0
Idle Max,Distinct,1128447,22,122,5,1,1,34506,19932,1,4333,1,5013,1,1
Idle Max,StandardDeviation,686127621.2996764,971012.9075240364,18983454.34276735,5488994.039575307,0.0,0.0,15693966.258371385,17323030.001582984,0.0,39020353.57442129,0.0,12598491.533023402,0.0,0.0
Idle Mean,Min,0.0,0.0,0.0,0.0,0.0,0.0,0.0,0.0,0.0,0.0,0.0,0.0,0.0,0.0
Idle Mean,Max,395571421052.631,58500000.0,56320673.0,21369916.0,0.0,0.0,102000000.0,111383938.0,0.0,119464308.0,0.0,120000000.0,0.0,0.0
Idle Mean,Mean,5467661.185323288,25416.941832552387,6342599.365384615,371649.04021739133,0.0,0.0,10944658.497525994,8168377.823311166,0.0,34721440.093175605,0.0,3605484.3691619653,0.0,0.0
Idle Mean,Unique,1501783,3,106,2,0,0,33573,19552,0,6053,0,9129,0,0
Idle Mean,Distinct,1630774,22,126,4,1,1,34506,19961,1,6573,1,10146,1,1
Idle Mean,StandardDeviation,288870664.00954103,906008.6562198456,12765845.3696378,2793555.0851917374,0.0,0.0,15693966.258371385,17240047.033684183,0.0,39769773.33307384,0.0,12141410.008202184,0.0,0.0
Idle Min,Min,0.0,0.0,0.0,0.0,0.0,0.0,0.0,0.0,0.0,0.0,0.0,0.0,0.0,0.0
Idle Min,Max,239934000000.0,34200000.0,56320643.0,7200414.0,0.0,0.0,102000000.0,111383938.0,0.0,119464308.0,0.0,120000000.0,0.0,0.0
Idle Min,Mean,5077664.27199217,24486.094950574967,3420585.006546645,125224.06086956522,0.0,0.0,10944658.497525994,8114330.654331695,0.0,27534411.898544133,0.0,3382633.3549656034,0.0,0.0
Idle Min,Unique,1114598,3,83,0,0,0,33573,19358,0,3205,0,9679,0,0
Idle Min,Distinct,1299382,24,110,3,1,1,34506,19837,1,4093,1,11144,1,1
Idle Min,StandardDeviation,69691071.41876945,861805.839674786,10392890.19478037,941265.2103863857,0.0,0.0,15693966.258371385,17228299.39515748,0.0,42549031.41220678,0.0,11877526.253391054,0.0,0.0
Idle Std,Min,0.0,0.0,0.0,0.0,0.0,0.0,0.0,0.0,0.0,0.0,0.0,0.0,0.0,0.0
Idle Std,Max,262247866338.599,40200000.0,15281925.3489963,15281006.752425,0.0,0.0,0.0,20684063.3290746,0.0,21372405.7864311,0.0,45600000.0,0.0,0.0
Idle Std,Mean,334720.48306897207,1262.9193988241425,3151257.749453637,265749.232447667,0.0,0.0,0.0,64861.53195899432,0.0,8594353.863656238,0.0,247378.0948569325,0.0,0.0
Idle Std,Unique,1059468,201,143,4,0,0,0,388,0,4685,0,13892,0,0
Idle Std,Distinct,1098783,204,146,5,1,1,1,392,1,4686,1,14643,1,1
Idle Std,StandardDeviation,185629890.4358282,209815.66594409855,6182565.213010848,1997543.4876446084,0.0,0.0,0.0,889977.7262763048,0.0,10100157.793624783,0.0,1918573.798249099,0.0,0.0
Init Bwd Win Byts,Min,-1.0,-1.0,-1.0,-1.0,-1.0,-1.0,-1.0,-1.0,0.0,-1.0,0.0,-1.0,-1.0,-1.0
Init Bwd Win Byts,Max,65535.0,8192.0,26883.0,26883.0,219.0,-1.0,211.0,223.0,0.0,26847.0,0.0,65535.0,26883.0,240.0
Init Bwd Win Byts,Mean,10372.120128667228,142.53824893165753,483.89689034369883,723.8478260869565,51.51074325230462,-1.0,105.43912869170119,141.1523802640455,0.0,580.5906278434941,0.0,6095.274253708301,1683.0229885057472,229.9596191674352
Init Bwd Win Byts,Unique,5397,229,11,4,0,0,0,0,0,0,0,692,5,0
Init Bwd Win Byts,Distinct,15413,359,17,9,3,1,2,7,1,4,1,1637,13,4
Init Bwd Win Byts,StandardDeviation,22155.250757739806,324.2924258992981,2196.4741753066482,1841.7424496264791,93.77828796479197,0.0,105.99909040172055,105.22155954147203,0.0,3631.8151760889155,0.0,17774.384808194493,6223.616204919628,3.1474158382507973
Init Fwd Win Byts,Min,-1.0,-1.0,-1.0,-1.0,32738.0,-1.0,-1.0,221.0,26883.0,0.0,26883.0,-1.0,251.0,241.0
Init Fwd Win Byts,Max,65535.0,8192.0,14600.0,8192.0,65535.0,-1.0,8192.0,26883.0,26883.0,26883.0,26883.0,65535.0,8192.0,26883.0
Init Fwd Win Byts,Mean,7186.512012718406,5024.297629904504,4258.0147299509,5016.6,40566.59301295021,-1.0,5086.542585705088,17475.330008673027,26883.0,17796.58771610555,26883.0,3870.7861165660083,5750.9655172413795,13569.5982440335
Init Fwd Win Byts,Unique,6752,0,4,1,0,0,0,0,0,0,0,713,4,0
Init Fwd Win Byts,Distinct,15960,6,10,5,2,1,5,3,1,3,1,1353,8,2
Init Fwd Win Byts,StandardDeviation,15361.836511607067,3190.111354112829,3600.7825097151804,3136.6822469387726,13980.969082410398,0.0,3131.1885864191813,12739.310281348891,0.0,12643.354657565844,0.0,9294.523411365572,3059.1562372439253,13320.997832996129
PSH Flag Cnt,Min,0.0,0.0,0.0,0.0,0.0,0.0,0.0,0.0,1.0,0.0,1.0,0.0,0.0,0.0
PSH Flag Cnt,Max,1.0,1.0,1.0,1.0,1.0,0.0,1.0,1.0,1.0,1.0,1.0,1.0,1.0,1.0
PSH Flag Cnt,Mean,0.38702684552012545,0.49970474263691034,0.4402618657937807,0.49130434782608695,0.23869844842364274,0.0,0.5020713617533075,0.647104172689602,1.0,0.659417652411283,1.0,0.4565501994639792,0.6091954022988506,0.5002851979593687
PSH Flag Cnt,Unique,0,0,0,0,0,0,0,0,0,0,0,0,0,0
PSH Flag Cnt,Distinct,2,2,2,2,2,1,2,2,1,2,1,2,2,2
PSH Flag Cnt,StandardDeviation,0.48706987832021226,0.4999999128230819,0.4964185283826136,0.49992437991487304,0.42628804715097085,0.0,0.49999570944207805,0.47787065444250476,0.0,0.4739050665478006,0.0,0.49810853720186327,0.4879306960181868,0.49999991866211735
Pkt Len Max,Min,0.0,0.0,0.0,0.0,0.0,32.0,0.0,0.0,0.0,0.0,0.0,0.0,0.0,0.0
Pkt Len Max,Max,65160.0,1460.0,2920.0,2920.0,935.0,32.0,964.0,972.0,0.0,516.0,0.0,1880.0,4012.0,976.0
Pkt Len Max,Mean,419.07667833815907,162.42432850788458,499.12111292962356,954.9347826086956,223.18304927610595,32.0,484.0410558304451,578.4866290835502,0.0,114.43657870791628,0.0,304.00703372979115,951.3103448275862,488.12226729712296
Pkt Len Max,Unique,62,21,6,1,0,0,0,152,0,0,0,292,22,0
Pkt Len Max,Distinct,2968,38,14,9,2,1,3,419,1,5,1,849,34,2
Pkt Len Max,StandardDeviation,528.4370839170442,163.8335613594407,469.7893859643051,979.5223414939662,398.5793240861577,0.0,481.9528824290377,428.1905518951485,0.0,120.90871480302538,0.0,507.2899394521954,1091.308466041524,487.9999846831023
Pkt Len Mean,Min,0.0,0.0,0.0,0.0,0.0,32.0,0.0,0.0,0.0,0.0,0.0,0.0,0.0,0.0
Pkt Len Mean,Max,17344.98473,140.375,812.25,808.5145631068,162.5,32.0,123.0,434.1176470588,0.0,248.0,0.0,1425.446809,702.7954545455,135.0
Pkt Len Mean,Mean,86.14442142470268,28.263573533804756,239.05079045753425,390.483871478317,36.822822523512706,32.0,61.79904059591351,98.02590132245645,0.0,62.82290156572765,0.0,68.34840186536314,153.5929848567817,51.44468969051366
Pkt Len Mean,Unique,343197,87,25,40,0,0,0,1187,0,8,0,8831,35,6
Pkt Len Mean,Distinct,479962,158,49,71,52,1,3,2330,1,53,1,11878,42,77
Pkt Len Mean,StandardDeviation,108.4964105784745,28.429735331583796,230.25710588684467,393.94630082158835,65.78769207253862,0.0,61.46651635320353,73.06236953129863,0.0,66.6632802594867,0.0,101.97691769647413,177.18711264754444,51.46611086391655
Pkt Len Min,Min,0.0,0.0,0.0,0.0,0.0,32.0,0.0,0.0,0.0,0.0,0.0,0.0,0.0,0.0
Pkt Len Min,Max,1460.0,0.0,500.0,500.0,0.0,32.0,32.0,0.0,0.0,0.0,0.0,788.0,0.0,0.0
Pkt Len Min,Mean,12.997891092636191,0.0,104.09165302782324,10.0,0.0,32.0,0.044263100256685714,0.0,0.0,0.0,0.0,13.649678263984093,0.0,0.0
Pkt Len Min,Unique,38,0,0,1,0,0,0,0,0,0,0,2,0,0
Pkt Len Min,Distinct,260,1,3,3,1,1,2,1,1,1,1,79,1,1
Pkt Len Min,StandardDeviation,24.053039516713888,0.0,202.5200112050939,68.11116233615904,0.0,0.0,1.1893107189332859,0.0,0.0,0.0,0.0,25.323382507489896,0.0,0.0
Pkt Len Std,Min,0.0,0.0,0.0,0.0,0.0,0.0,0.0,0.0,0.0,0.0,0.0,0.0,0.0,0.0
Pkt Len Std,Max,22788.28621,395.8969852,1285.5422715019,821.9116361848,337.2578496,0.0,339.8873763,401.0403138505,0.0,258.0,0.0,940.0,1328.3949379274,282.851229769
Pkt Len Std,Mean,129.82084299378647,57.405136989808945,133.74621340628912,380.548442944447,79.3781665757943,0.0,170.64771786088943,204.54518320449762,0.0,56.69851755522784,0.0,94.7401331940831,319.98555300474374,102.1367234964775
Pkt Len Std,Unique,553351,87,133,110,0,0,0,1436,0,7,0,10292,38,11
Pkt Len Std,Distinct,667150,158,139,112,52,1,2,2734,1,51,1,12864,44,86
Pkt Len Std,StandardDeviation,166.213812659702,57.72388316582905,167.90360877486367,394.741399933543,141.7630328353797,0.0,169.94222984541787,148.87570638366867,0.0,59.18742588565175,0.0,162.05341165381736,356.7033804489332,102.12182488563037
Pkt Len Var,Min,0.0,0.0,0.0,0.0,0.0,0.0,0.0,0.0,0.0,0.0,0.0,0.0,0.0,0.0
Pkt Len Var,Max,519000000.0,156734.4229,1652618.93181818,675538.737695961,113742.8571,0.0,115523.4286,160833.333333333,0.0,66564.0,0.0,883600.0,1764633.11111111,80004.8181818182
Pkt Len Var,Mean,44480.460102689925,6627.396438721095,46079.67144014575,300637.89024893515,26397.650807532777,0.0,58001.00511174472,64002.70792339648,0.0,6717.873275931012,0.0,35237.00106518013,229628.05575544486,20860.777404566692
Pkt Len Var,Unique,557912,87,134,110,0,0,0,1436,0,7,0,10292,38,14
Pkt Len Var,Distinct,671447,158,140,112,52,1,2,2734,1,51,1,12864,44,98
Pkt Len Var,StandardDeviation,232530.75182412972,6749.176478023794,99591.95114971518,314855.4770427854,47146.81240935543,0.0,57761.21863990901,50049.82747531216,0.0,8511.478379881573,0.0,84540.88352745939,355916.56835923396,20864.610782564705
Pkt Size Avg,Min,0.0,0.0,0.0,0.0,0.0,32.00010335,0.0,0.0,0.0,0.0,0.0,0.0,0.0,0.0
Pkt Size Avg,Max,17478.40769,160.4285714,886.0909090909,811.1396103896,185.7142857,32.04481793,140.5714286,469.0,0.0,330.6666666667,0.0,1456.434783,719.1395348837,141.1363636364
Pkt Size Avg,Mean,99.51751845027675,32.298808114536335,260.4807586149985,394.0684375907151,42.0832257408302,32.00050662260693,70.62115643472326,110.36075112285621,0.0,67.61225864524836,0.0,80.3261255422284,169.49332704000804,52.62246448989576
Pkt Size Avg,Unique,264234,87,25,40,0,1538,752,1146,0,7,0,8720,35,6
Pkt Size Avg,Distinct,393228,158,49,71,52,1629,776,2260,1,53,1,11646,42,77
Pkt Size Avg,StandardDeviation,112.1505439843346,32.491601614672014,250.79628534737253,395.6401845511948,75.18593379646678,0.002500038667122875,70.25071559448136,81.57220929473681,0.0,72.18009808234903,0.0,107.32756154364785,191.52734777823645,52.64596827935883
Protocol,Min,0.0,0.0,0.0,6.0,6.0,17.0,6.0,6.0,6.0,6.0,6.0,0.0,6.0,6.0
Protocol,Max,17.0,6.0,17.0,17.0,6.0,17.0,17.0,6.0,6.0,6.0,6.0,17.0,6.0,6.0
Protocol,Mean,9.272473604916028,5.994591024874996,8.098199672667757,6.239130434782608,6.0,17.0,6.015215440713236,6.0,6.0,6.0,6.0,9.405276223646672,6.0,6.0
Protocol,Unique,0,0,0,0,0,0,0,0,0,0,0,0,0,0
Protocol,Distinct,3,2,3,2,1,1,2,1,1,1,1,3,1,1
Protocol,StandardDeviation,5.203036391577071,0.18006830298006554,4.709934484385235,1.6041357229889799,0.0,0.0,0.40882555963331135,0.0,0.0,0.0,0.0,5.223267731451797,0.0,0.0
RST Flag Cnt,Min,0.0,0.0,0.0,0.0,0.0,0.0,0.0,0.0,0.0,0.0,0.0,0.0,0.0,0.0
RST Flag Cnt,Max,1.0,1.0,1.0,1.0,1.0,0.0,1.0,0.0,0.0,0.0,0.0,1.0,1.0,0.0
RST Flag Cnt,Mean,0.17894543953046665,0.49970474263691034,0.4386252045826514,0.49130434782608695,0.23869844842364274,0.0,0.5020713617533075,0.0,0.0,0.0,0.0,0.20076080378425779,0.6091954022988506,0.0
RST Flag Cnt,Unique,0,0,0,0,0,0,0,0,0,0,0,0,0,0
RST Flag Cnt,Distinct,2,2,2,2,2,1,2,1,1,1,1,2,2,1
RST Flag Cnt,StandardDeviation,0.38330662556459255,0.4999999128230819,0.4962188372960851,0.49992437991487304,0.42628804715097085,0.0,0.49999570944207805,0.0,0.0,0.0,0.0,0.40056947393449305,0.4879306960181868,0.0
SYN Flag Cnt,Min,0.0,0.0,0.0,0.0,0.0,0.0,0.0,0.0,0.0,0.0,0.0,0.0,0.0,0.0
SYN Flag Cnt,Max,1.0,1.0,1.0,0.0,0.0,0.0,0.0,1.0,0.0,1.0,0.0,1.0,0.0,0.0
SYN Flag Cnt,Mean,0.05179696883314047,1.048250993217816e-05,0.0016366612111292963,0.0,0.0,0.0,0.0,2.4091741351064854e-05,0.0,0.32474977252047316,0.0,0.06490916052218805,0.0,0.0
SYN Flag Cnt,Unique,0,0,1,0,0,0,0,1,0,0,0,0,0,0
SYN Flag Cnt,Distinct,2,2,2,1,1,1,1,2,1,2,1,2,1,1
SYN Flag Cnt,StandardDeviation,0.22161688305009422,0.0032376534788583666,0.04042255003348108,0.0,0.0,0.0,0.0,0.004908274741603563,0.0,0.4682812806085399,0.0,0.24636550367795584,0.0,0.0
Subflow Bwd Byts,Min,0.0,0.0,0.0,0.0,0.0,0.0,0.0,0.0,0.0,0.0,0.0,0.0,0.0,0.0
Subflow Bwd Byts,Max,156360426.0,1460.0,81835.0,195341.0,935.0,0.0,964.0,972.0,0.0,516.0,0.0,27463561.0,23629.0,2665.0
Subflow Bwd Byts,Mean,5614.316375037561,67.32263767903254,15462.967266775777,89615.43478260869,223.18304927610595,0.0,483.9967927301884,568.6015707815361,0.0,6.667151956323931,0.0,1915.1846246001458,1575.0229885057472,1332.7980318675402
Subflow Bwd Byts,Unique,48255,0,23,40,0,0,0,0,0,0,0,3656,20,0
Subflow Bwd Byts,Distinct,90591,10,46,70,2,1,2,3,1,2,1,6043,32,3
Subflow Bwd Byts,StandardDeviation,257095.08622343425,71.52325280776175,29450.16671032109,94698.69291418148,398.5793240861577,0.0,481.99586390216325,436.1428618054684,0.0,58.273488777096865,0.0,76051.44950107657,3514.109523990105,1332.4731764451928
Subflow Bwd Pkts,Min,0.0,0.0,0.0,0.0,0.0,0.0,0.0,0.0,1.0,0.0,1.0,0.0,0.0,0.0
Subflow Bwd Pkts,Max,123118.0,123.0,108.0,109.0,4.0,0.0,4.0,5.0,1.0,4.0,1.0,18818.0,15.0,22.0
Subflow Bwd Pkts,Mean,7.169962301000511,2.0227121048530528,22.76268412438625,49.16086956521739,0.954793793694571,0.0,2.00828544701323,2.384504191962995,1.0,1.9177434030937215,1.0,4.417614583719293,2.528735632183908,11.153292570459888
Subflow Bwd Pkts,Unique,2250,34,11,3,0,0,0,0,0,0,0,137,2,0
Subflow Bwd Pkts,Distinct,4368,94,17,8,2,1,2,5,1,5,1,306,8,8
Subflow Bwd Pkts,StandardDeviation,179.83627533887787,2.564552727232775,41.87794182837483,51.84160859630565,1.7051521886038834,0.0,1.9999828377683122,1.7640343859020045,0.0,1.19506263751672,0.0,56.7364840208073,2.6731490769466864,10.172248437400686
Subflow Fwd Byts,Min,0.0,0.0,0.0,0.0,0.0,22848.0,0.0,0.0,0.0,0.0,0.0,0.0,0.0,0.0
Subflow Fwd Byts,Max,144391846.0,2785.0,54995.0,56330.0,365.0,9908128.0,8961376.0,7410.0,0.0,2530.0,0.0,9789747.0,7294.0,2024.0
Subflow Fwd Byts,Mean,447.3506083335286,159.26356174722474,12352.07201309329,26515.369565217392,71.39953091199571,3755245.7248554914,4955.625152076308,351.15228389708005,0.0,1091.52593266606,0.0,525.9776513888374,533.1954022988506,967.3242674144007
Subflow Fwd Byts,Unique,5056,27,13,5,0,1679,781,612,0,2,0,1297,30,0
Subflow Fwd Byts,Distinct,17283,46,19,11,52,1701,791,1355,1,26,1,3190,39,10
Subflow Fwd Byts,StandardDeviation,42327.73192714619,162.9364978522671,21969.772422340044,27912.696755013385,128.3784914385177,904645.593629683,147664.12805436013,533.7965491762178,0.0,1230.3242759662078,0.0,35327.172455620355,1017.5924916484598,967.2464340219406
Subflow Fwd Pkts,Min,1.0,1.0,1.0,1.0,2.0,714.0,2.0,1.0,1.0,1.0,1.0,1.0,2.0,1.0
Subflow Fwd Pkts,Max,121309.0,110.0,154.0,204.0,3.0,309629.0,280043.0,18.0,1.0,16.0,1.0,9128.0,28.0,28.0
Subflow Fwd Pkts,Mean,6.051862450414203,2.5654580332714865,35.27986906710311,97.01739130434783,2.2386984484236425,117351.4289017341,157.04881020356098,3.728775175869712,1.0,7.66533212010919,1.0,4.834914224313609,4.149425287356322,11.723651173576275
Subflow Fwd Pkts,Unique,1369,24,6,5,0,1679,782,1,0,0,0,99,6,1
Subflow Fwd Pkts,Distinct,2980,81,15,11,2,1701,792,17,1,16,1,225,10,14
Subflow Fwd Pkts,StandardDeviation,76.40556313840936,1.5257817462493721,60.63527763814184,99.74589302724901,0.4262880471509716,28270.174800927594,4614.430820700871,1.7898032722473542,0.0,6.188361875803061,0.0,44.12993493813713,3.761659989499573,10.743253863151054
Tot Bwd Pkts,Min,0.0,0.0,0.0,0.0,0.0,0.0,0.0,0.0,1.0,0.0,1.0,0.0,0.0,0.0
Tot Bwd Pkts,Max,123118.0,123.0,108.0,109.0,4.0,0.0,4.0,5.0,1.0,4.0,1.0,18818.0,15.0,22.0
Tot Bwd Pkts,Mean,7.169962301000511,2.0227121048530528,22.76268412438625,49.16086956521739,0.954793793694571,0.0,2.00828544701323,2.384504191962995,1.0,1.9177434030937215,1.0,4.417614583719293,2.528735632183908,11.153292570459888
Tot Bwd Pkts,Unique,2250,34,11,3,0,0,0,0,0,0,0,137,2,0
Tot Bwd Pkts,Distinct,4368,94,17,8,2,1,2,5,1,5,1,306,8,8
Tot Bwd Pkts,StandardDeviation,179.83627533887787,2.564552727232775,41.87794182837483,51.84160859630565,1.7051521886038834,0.0,1.9999828377683122,1.7640343859020045,0.0,1.19506263751672,0.0,56.7364840208073,2.6731490769466864,10.172248437400686
Tot Fwd Pkts,Min,1.0,1.0,1.0,1.0,2.0,714.0,2.0,1.0,1.0,1.0,1.0,1.0,2.0,1.0
Tot Fwd Pkts,Max,121309.0,110.0,154.0,204.0,3.0,309629.0,280043.0,18.0,1.0,16.0,1.0,9128.0,28.0,28.0
Tot Fwd Pkts,Mean,6.051862450414203,2.5654580332714865,35.27986906710311,97.01739130434783,2.2386984484236425,117351.4289017341,157.04881020356098,3.728775175869712,1.0,7.66533212010919,1.0,4.834914224313609,4.149425287356322,11.723651173576275
Tot Fwd Pkts,Unique,1369,24,6,5,0,1679,782,1,0,0,0,99,6,1
Tot Fwd Pkts,Distinct,2980,81,15,11,2,1701,792,17,1,16,1,225,10,14
Tot Fwd Pkts,StandardDeviation,76.40556313840936,1.5257817462493721,60.63527763814184,99.74589302724901,0.4262880471509716,28270.174800927594,4614.430820700871,1.7898032722473542,0.0,6.188361875803061,0.0,44.12993493813713,3.761659989499573,10.743253863151054
TotLen Bwd Pkts,Min,0.0,0.0,0.0,0.0,0.0,0.0,0.0,0.0,0.0,0.0,0.0,0.0,0.0,0.0
TotLen Bwd Pkts,Max,156360426.0,1460.0,81835.0,195341.0,935.0,0.0,964.0,972.0,0.0,516.0,0.0,27500000.0,23629.0,2665.0
TotLen Bwd Pkts,Mean,5614.340729291283,67.32263767903254,15462.967266775777,89615.43478260869,223.18304927610595,0.0,483.9967927301884,568.6015707815361,0.0,6.667151956323931,0.0,1915.409648375264,1575.0229885057472,1332.7980318675402
TotLen Bwd Pkts,Unique,65030,0,23,40,0,0,0,0,0,0,0,3656,20,0
TotLen Bwd Pkts,Distinct,118713,10,46,70,2,1,2,3,1,2,1,6043,32,3
TotLen Bwd Pkts,StandardDeviation,257106.0933997893,71.52325280776175,29450.16671032109,94698.69291418148,398.5793240861577,0.0,481.99586390216325,436.1428618054684,0.0,58.273488777096865,0.0,76132.71450060203,3514.109523990105,1332.4731764451928
TotLen Fwd Pkts,Min,0.0,0.0,0.0,0.0,0.0,22848.0,0.0,0.0,0.0,0.0,0.0,0.0,0.0,0.0
TotLen Fwd Pkts,Max,144391846.0,2785.0,54995.0,56330.0,365.0,9908128.0,8961376.0,7410.0,0.0,2530.0,0.0,9789747.0,7294.0,2024.0
TotLen Fwd Pkts,Mean,447.3506083335286,159.26356174722474,12352.07201309329,26515.369565217392,71.39953091199571,3755245.7248554914,4955.625152076308,351.15228389708005,0.0,1091.52593266606,0.0,525.9776513888374,533.1954022988506,967.3242674144007
TotLen Fwd Pkts,Unique,8851,27,13,5,0,1679,781,612,0,2,0,1297,30,0
TotLen Fwd Pkts,Distinct,27232,46,19,11,52,1701,791,1355,1,26,1,3190,39,10
TotLen Fwd Pkts,StandardDeviation,42327.73192714619,162.9364978522671,21969.772422340044,27912.696755013385,128.3784914385177,904645.593629683,147664.12805436013,533.7965491762178,0.0,1230.3242759662078,0.0,35327.172455620355,1017.5924916484598,967.2464340219406
URG Flag Cnt,Min,0.0,0.0,0.0,0.0,0.0,0.0,0.0,0.0,0.0,0.0,0.0,0.0,0.0,0.0
URG Flag Cnt,Max,1.0,1.0,0.0,0.0,0.0,0.0,0.0,0.0,0.0,1.0,0.0,1.0,1.0,1.0
URG Flag Cnt,Mean,0.04194707071150521,1.048250993217816e-05,0.0,0.0,0.0,0.0,0.0,0.0,0.0,0.013011828935395814,0.0,0.04779107537638791,0.05747126436781609,0.49968814802573713
URG Flag Cnt,Unique,0,0,0,0,0,0,0,0,0,0,0,0,0,0
URG Flag Cnt,Distinct,2,2,1,1,1,1,1,1,1,2,1,2,2,2
URG Flag Cnt,StandardDeviation,0.20046823681129436,0.0032376534788583666,0.0,0.0,0.0,0.0,0.0,0.0,0.0,0.11332484830412,0.0,0.21332390510853752,0.23274088196915615,0.4999999027483367
ALL,NumberOfRows,13484708,286191,611,230,686012,1730,576191,41508,139890,10990,193360,161934,87,187589
